,,Batting,,,,,,,,,,,
Number,Last,First,PA,AB,H,2B,3B,HR,RBI,R,BB,SO,SB,AVG,OBP,SLG,OPS
4,Lewis,Jackson,59,49,23,5,0,0,16,17,5,16,7,0.469,0.475,0.571,1.046
13,Steele,Asher,65,52,12,1,0,0,8,19,14,15,9,0.231,0.400,0.250,0.650
6,Claypool,Coleman,57,48,19,3,0,1,13,17,8,4,3,0.396,0.474,0.521,0.995
2,Bierman,Hunter,52,42,18,1,0,1,12,15,4,7,0,0.429,0.423,0.524,0.947
51,Blaylock,James,66,49,19,2,0,0,13,19,4,8,12,0.388,0.348,0.429,0.777
12,Cruz Jr.,Manuel,52,41,7,1,0,1,4,15,5,4,0,0.171,0.231,0.268,0.499
10,Graham,Mason,72,59,14,3,0,0,9,21,13,12,9,0.237,0.375,0.288,0.663
11,Boyd,Noah,65,49,20,1,0,1,14,19,8,20,2,0.408,0.431,0.490,0.921
7,Lyles,Roman,52,42,7,0,0,0,4,15,4,10,11,0.167,0.212,0.167,0.378
